loss,score,val_loss,val_score,lr
0.8994187060025043,0.16475095785440613,0.617343659937029,0.0,0.001
0.6209675008182356,0.0,0.6216514477363,0.0,0.001
0.6216360702005268,0.0,0.6472326823945581,0.0,0.001
